name;state
Flensburg;Schleswig-Holstein
Kiel;Schleswig-Holstein
Lübeck;Schleswig-Holstein
Neumünster;Schleswig-Holstein
Brunsbüttel;Schleswig-Holstein
Heide;Schleswig-Holstein
Averlak;Schleswig-Holstein
Brickeln;Schleswig-Holstein
Buchholz;Schleswig-Holstein
Burg (Dithmarschen);Schleswig-Holstein
Dingen;Schleswig-Holstein
Eddelak;Schleswig-Holstein
Eggstedt;Schleswig-Holstein
Frestedt;Schleswig-Holstein
Großenrade;Schleswig-Holstein
Hochdonn;Schleswig-Holstein
Kuden;Schleswig-Holstein
Quickborn;Schleswig-Holstein
Sankt Michaelisdonn;Schleswig-Holstein
Süderhastedt;Schleswig-Holstein
Diekhusen-Fahrstedt;Schleswig-Holstein
Friedrichskoog;Schleswig-Holstein
Helse;Schleswig-Holstein
Kaiser-Wilhelm-Koog;Schleswig-Holstein
Kronprinzenkoog;Schleswig-Holstein
Marne;Schleswig-Holstein
Marnerdeich;Schleswig-Holstein
Neufeld;Schleswig-Holstein
Neufelderkoog;Schleswig-Holstein
Ramhusen;Schleswig-Holstein
Schmedeswurth;Schleswig-Holstein
Trennewurth;Schleswig-Holstein
Volsemenhusen;Schleswig-Holstein
Barkenholm;Schleswig-Holstein
Bergewöhrden;Schleswig-Holstein
Dellstedt;Schleswig-Holstein
Delve;Schleswig-Holstein
Dörpling;Schleswig-Holstein
Fedderingen;Schleswig-Holstein
Gaushorn;Schleswig-Holstein
Glüsing;Schleswig-Holstein
Groven;Schleswig-Holstein
Hemme;Schleswig-Holstein
Hennstedt;Schleswig-Holstein
Hövede;Schleswig-Holstein
Hollingstedt;Schleswig-Holstein
Karolinenkoog;Schleswig-Holstein
Kleve;Schleswig-Holstein
Krempel;Schleswig-Holstein
Lehe;Schleswig-Holstein
Linden;Schleswig-Holstein
Lunden;Schleswig-Holstein
Norderheistedt;Schleswig-Holstein
Pahlen;Schleswig-Holstein
Rehm-Flehde-Bargen;Schleswig-Holstein
Sankt Annen;Schleswig-Holstein
Schalkholz;Schleswig-Holstein
Schlichting;Schleswig-Holstein
Tellingstedt;Schleswig-Holstein
Tielenhemme;Schleswig-Holstein
Wallen;Schleswig-Holstein
Welmbüttel;Schleswig-Holstein
Westerborstel;Schleswig-Holstein
Wiemerstedt;Schleswig-Holstein
Wrohm;Schleswig-Holstein
Süderdorf;Schleswig-Holstein
Süderheistedt;Schleswig-Holstein
Hemmingstedt;Schleswig-Holstein
Lieth;Schleswig-Holstein
Lohe-Rickelshof;Schleswig-Holstein
Neuenkirchen;Schleswig-Holstein
Norderwöhrden;Schleswig-Holstein
Nordhastedt;Schleswig-Holstein
Ostrohe;Schleswig-Holstein
Stelle-Wittenwurth;Schleswig-Holstein
Wöhrden;Schleswig-Holstein
Weddingstedt;Schleswig-Holstein
Wesseln;Schleswig-Holstein
Albersdorf;Schleswig-Holstein
Arkebek;Schleswig-Holstein
Bargenstedt;Schleswig-Holstein
Barlt;Schleswig-Holstein
Bunsoh;Schleswig-Holstein
Busenwurth;Schleswig-Holstein
Elpersbüttel;Schleswig-Holstein
Epenwöhrden;Schleswig-Holstein
Gudendorf;Schleswig-Holstein
Immenstedt;Schleswig-Holstein
Krumstedt;Schleswig-Holstein
Meldorf;Schleswig-Holstein
Nindorf;Schleswig-Holstein
Odderade;Schleswig-Holstein
Offenbüttel;Schleswig-Holstein
Osterrade;Schleswig-Holstein
Sarzbüttel;Schleswig-Holstein
Schafstedt;Schleswig-Holstein
Schrum;Schleswig-Holstein
Wennbüttel;Schleswig-Holstein
Windbergen;Schleswig-Holstein
Wolmersdorf;Schleswig-Holstein
Nordermeldorf;Schleswig-Holstein
Tensbüttel-Röst;Schleswig-Holstein
Büsum;Schleswig-Holstein
Büsumer Deichhausen;Schleswig-Holstein
Friedrichsgabekoog;Schleswig-Holstein
Hedwigenkoog;Schleswig-Holstein
Hellschen-Heringsand-Unterschaar;Schleswig-Holstein
Hillgroven;Schleswig-Holstein
Norddeich;Schleswig-Holstein
Oesterdeichstrich;Schleswig-Holstein
Reinsbüttel;Schleswig-Holstein
Schülp;Schleswig-Holstein
Strübbel;Schleswig-Holstein
Süderdeich;Schleswig-Holstein
Warwerort;Schleswig-Holstein
Wesselburen;Schleswig-Holstein
Wesselburener Deichhausen;Schleswig-Holstein
Wesselburenerkoog;Schleswig-Holstein
Westerdeichstrich;Schleswig-Holstein
Oesterwurth;Schleswig-Holstein
Geesthacht;Schleswig-Holstein
Lauenburg/Elbe;Schleswig-Holstein
Mölln;Schleswig-Holstein
Ratzeburg;Schleswig-Holstein
Schwarzenbek;Schleswig-Holstein
Wentorf bei Hamburg;Schleswig-Holstein
Behlendorf;Schleswig-Holstein
Berkenthin;Schleswig-Holstein
Bliestorf;Schleswig-Holstein
Düchelsdorf;Schleswig-Holstein
Göldenitz;Schleswig-Holstein
Kastorf;Schleswig-Holstein
Klempau;Schleswig-Holstein
Krummesse;Schleswig-Holstein
Niendorf bei Berkenthin;Schleswig-Holstein
Rondeshagen;Schleswig-Holstein
Sierksrade;Schleswig-Holstein
Alt Mölln;Schleswig-Holstein
Bälau;Schleswig-Holstein
Borstorf;Schleswig-Holstein
Breitenfelde;Schleswig-Holstein
Grambek;Schleswig-Holstein
Hornbek;Schleswig-Holstein
Lehmrade;Schleswig-Holstein
Niendorf/Stecknitz;Schleswig-Holstein
Schretstaken;Schleswig-Holstein
Talkau;Schleswig-Holstein
Woltersdorf;Schleswig-Holstein
Besenthal;Schleswig-Holstein
Bröthen;Schleswig-Holstein
Büchen;Schleswig-Holstein
Fitzen;Schleswig-Holstein
Göttin;Schleswig-Holstein
Gudow;Schleswig-Holstein
Güster;Schleswig-Holstein
Klein Pampau;Schleswig-Holstein
Langenlehsten;Schleswig-Holstein
Müssen;Schleswig-Holstein
Roseburg;Schleswig-Holstein
Schulendorf;Schleswig-Holstein
Siebeneichen;Schleswig-Holstein
Tramm;Schleswig-Holstein
Witzeeze;Schleswig-Holstein
Aumühle;Schleswig-Holstein
Börnsen;Schleswig-Holstein
Dassendorf;Schleswig-Holstein
Escheburg;Schleswig-Holstein
Hamwarde;Schleswig-Holstein
Hohenhorn;Schleswig-Holstein
Kröppelshagen-Fahrendorf;Schleswig-Holstein
Wiershop;Schleswig-Holstein
Wohltorf;Schleswig-Holstein
Worth;Schleswig-Holstein
Basedow;Schleswig-Holstein
Buchhorst;Schleswig-Holstein
Dalldorf;Schleswig-Holstein
Juliusburg;Schleswig-Holstein
Krüzen;Schleswig-Holstein
Krukow;Schleswig-Holstein
Lanze;Schleswig-Holstein
Lütau;Schleswig-Holstein
Schnakenbek;Schleswig-Holstein
Wangelau;Schleswig-Holstein
Albsfelde;Schleswig-Holstein
Bäk;Schleswig-Holstein
Brunsmark;Schleswig-Holstein
Buchholz;Schleswig-Holstein
Einhaus;Schleswig-Holstein
Fredeburg;Schleswig-Holstein
Giesensdorf;Schleswig-Holstein
Groß Disnack;Schleswig-Holstein
Groß Grönau;Schleswig-Holstein
Groß Sarau;Schleswig-Holstein
Harmsdorf;Schleswig-Holstein
Hollenbek;Schleswig-Holstein
Horst;Schleswig-Holstein
Kittlitz;Schleswig-Holstein
Klein Zecher;Schleswig-Holstein
Kulpin;Schleswig-Holstein
Mechow;Schleswig-Holstein
Braunschweig;Niedersachsen
Salzgitter;Niedersachsen
Wolfsburg;Niedersachsen
Gifhorn;Niedersachsen
Sassenburg;Niedersachsen
Wittingen;Niedersachsen
Barwedel;Niedersachsen
Bokensdorf;Niedersachsen
Jembke;Niedersachsen
Osloß;Niedersachsen
Tappenbeck;Niedersachsen
Weyhausen;Niedersachsen
Bergfeld;Niedersachsen
Brome;Niedersachsen
Ehra-Lessien;Niedersachsen
Parsau;Niedersachsen
Rühen;Niedersachsen
Tiddische;Niedersachsen
Tülau;Niedersachsen
Dedelstorf;Niedersachsen
Hankensbüttel;Niedersachsen
Obernholz;Niedersachsen
Sprakensehl;Niedersachsen
Steinhorst;Niedersachsen
Calberlah;Niedersachsen
Isenbüttel;Niedersachsen
Ribbesbüttel;Niedersachsen
Wasbüttel;Niedersachsen
Hillerse;Niedersachsen
Leiferde;Niedersachsen
Meinersen;Niedersachsen
Müden (Aller);Niedersachsen
Adenbüttel;Niedersachsen
Meine;Niedersachsen
Rötgesbüttel;Niedersachsen
Schwülper;Niedersachsen
Vordorf;Niedersachsen
Didderse;Niedersachsen
Groß Oesingen;Niedersachsen
Schönewörde;Niedersachsen
Ummern;Niedersachsen
Wagenhoff;Niedersachsen
Wahrenholz;Niedersachsen
Wesendorf;Niedersachsen
Giebel;Niedersachsen
Bad Harzburg;Niedersachsen
Langelsheim;Niedersachsen
Liebenburg;Niedersachsen
Seesen;Niedersachsen
Braunlage;Niedersachsen
Goslar;Niedersachsen
Clausthal-Zellerfeld;Niedersachsen
Hahausen;Niedersachsen
Lutter am Barenberge;Niedersachsen
Wallmoden;Niedersachsen
Harz (Landkreis Goslar);Niedersachsen
Königslutter am Elm;Niedersachsen
Lehre;Niedersachsen
Schöningen;Niedersachsen
Helmstedt;Niedersachsen
Grasleben;Niedersachsen
Mariental;Niedersachsen
Querenhorst;Niedersachsen
Rennau;Niedersachsen
Beierstedt;Niedersachsen
Gevensleben;Niedersachsen
Jerxheim;Niedersachsen
Söllingen;Niedersachsen
Frellstedt;Niedersachsen
Räbke;Niedersachsen
Süpplingen;Niedersachsen
Süpplingenburg;Niedersachsen
Warberg;Niedersachsen
Wolsdorf;Niedersachsen
Bahrdorf;Niedersachsen
Danndorf;Niedersachsen
Grafhorst;Niedersachsen
Groß Twülpstedt;Niedersachsen
Velpke;Niedersachsen
Brunsleberfeld;Niedersachsen
Helmstedt;Niedersachsen
Königslutter;Niedersachsen
Mariental;Niedersachsen
Schöningen;Niedersachsen
Bad Gandersheim;Niedersachsen
Bodenfelde;Niedersachsen
Dassel;Niedersachsen
Hardegsen;Niedersachsen
Kalefeld;Niedersachsen
Katlenburg-Lindau;Niedersachsen
Moringen;Niedersachsen
Nörten-Hardenberg;Niedersachsen
Northeim;Niedersachsen
Uslar;Niedersachsen
Einbeck;Niedersachsen
Solling (Landkreis Northeim);Niedersachsen
Edemissen;Niedersachsen
Hohenhameln;Niedersachsen
Lengede;Niedersachsen
Peine;Niedersachsen
Vechelde;Niedersachsen
Wendeburg;Niedersachsen
Ilsede;Niedersachsen
Cremlingen;Niedersachsen
Wolfenbüttel;Niedersachsen
Schladen-Werla;Niedersachsen
Baddeckenstedt;Niedersachsen
Burgdorf;Niedersachsen
Elbe;Niedersachsen
Haverlah;Niedersachsen
Heere;Niedersachsen
Sehlde;Niedersachsen
Cramme;Niedersachsen
Dorstadt;Niedersachsen
Flöthe;Niedersachsen
Heiningen;Niedersachsen
Ohrum;Niedersachsen
Börßum;Niedersachsen
Dettum;Niedersachsen
Erkerode;Niedersachsen
Evessen;Niedersachsen
Sickte;Niedersachsen
Veltheim (Ohe);Niedersachsen
Dahlum;Niedersachsen
Denkte;Niedersachsen
Hedeper;Niedersachsen
Kissenbrück;Niedersachsen
Kneitlingen;Niedersachsen
Roklum;Niedersachsen
Schöppenstedt;Niedersachsen
Uehrde;Niedersachsen
Vahlberg;Niedersachsen
Winnigstedt;Niedersachsen
Wittmar;Niedersachsen
Remlingen-Semmenstedt;Niedersachsen
Am Großen Rhode;Niedersachsen
Barnstorf-Warle;Niedersachsen
Voigtsdahlum;Niedersachsen
Adelebsen;Niedersachsen
Bad Grund (Harz);Niedersachsen
Bad Lauterberg im Harz;Niedersachsen
Bad Sachsa;Niedersachsen
Bovenden;Niedersachsen
Duderstadt;Niedersachsen
Friedland;Niedersachsen
Gleichen;Niedersachsen
Göttingen;Niedersachsen
Hann. Münden;Niedersachsen
Herzberg am Harz;Niedersachsen
Osterode am Harz;Niedersachsen
Rosdorf;Niedersachsen
Staufenberg;Niedersachsen
Walkenried;Niedersachsen
Bühren;Niedersachsen
Dransfeld;Niedersachsen
Jühnde;Niedersachsen
Niemetal;Niedersachsen
Scheden;Niedersachsen
Bilshausen;Niedersachsen
Bodensee;Niedersachsen
Gieboldehausen;Niedersachsen
Krebeck;Niedersachsen
Obernfeld;Niedersachsen
Rhumspringe;Niedersachsen
Rollshausen;Niedersachsen
Rüdershausen;Niedersachsen
Wollbrandshausen;Niedersachsen
Wollershausen;Niedersachsen
Elbingerode;Niedersachsen
Hattorf am Harz;Niedersachsen
Hörden am Harz;Niedersachsen
Wulften am Harz;Niedersachsen
Ebergötzen;Niedersachsen
Landolfshausen;Niedersachsen
Seeburg;Niedersachsen
Seulingen;Niedersachsen
Waake;Niedersachsen
Harz (Landkreis Göttingen);Niedersachsen
Hannover;Niedersachsen
Barsinghausen;Niedersachsen
Burgdorf;Niedersachsen
Burgwedel;Niedersachsen
Garbsen;Niedersachsen
Gehrden;Niedersachsen
Hemmingen;Niedersachsen
Isernhagen;Niedersachsen
Laatzen;Niedersachsen
Langenhagen;Niedersachsen
Lehrte;Niedersachsen
Neustadt am Rübenberge;Niedersachsen
Pattensen;Niedersachsen
Ronnenberg;Niedersachsen
Seelze;Niedersachsen
Sehnde;Niedersachsen
Springe;Niedersachsen
Uetze;Niedersachsen
Wedemark;Niedersachsen
Wennigsen (Deister);Niedersachsen
Wunstorf;Niedersachsen
Bassum;Niedersachsen
Düsseldorf;Nordrhein-Westfalen
Duisburg;Nordrhein-Westfalen
Essen;Nordrhein-Westfalen
Krefeld;Nordrhein-Westfalen
Mönchengladbach;Nordrhein-Westfalen
Mülheim an der Ruhr;Nordrhein-Westfalen
Oberhausen;Nordrhein-Westfalen
Remscheid;Nordrhein-Westfalen
Solingen;Nordrhein-Westfalen
Wuppertal;Nordrhein-Westfalen
Bedburg-Hau;Nordrhein-Westfalen
Emmerich am Rhein;Nordrhein-Westfalen
Geldern;Nordrhein-Westfalen
Goch;Nordrhein-Westfalen
Issum;Nordrhein-Westfalen
Kalkar;Nordrhein-Westfalen
Kerken;Nordrhein-Westfalen
Kevelaer;Nordrhein-Westfalen
Kleve;Nordrhein-Westfalen
Kranenburg;Nordrhein-Westfalen
Rees;Nordrhein-Westfalen
Rheurdt;Nordrhein-Westfalen
Straelen;Nordrhein-Westfalen
Uedem;Nordrhein-Westfalen
Wachtendonk;Nordrhein-Westfalen
Weeze;Nordrhein-Westfalen
Erkrath;Nordrhein-Westfalen
Haan;Nordrhein-Westfalen
Heiligenhaus;Nordrhein-Westfalen
Hilden;Nordrhein-Westfalen
Langenfeld (Rhld.);Nordrhein-Westfalen
Mettmann;Nordrhein-Westfalen
Monheim am Rhein;Nordrhein-Westfalen
Ratingen;Nordrhein-Westfalen
Velbert;Nordrhein-Westfalen
Wülfrath;Nordrhein-Westfalen
Dormagen;Nordrhein-Westfalen
Grevenbroich;Nordrhein-Westfalen
Jüchen;Nordrhein-Westfalen
Kaarst;Nordrhein-Westfalen
Korschenbroich;Nordrhein-Westfalen
Meerbusch;Nordrhein-Westfalen
Neuss;Nordrhein-Westfalen
Rommerskirchen;Nordrhein-Westfalen
Brüggen;Nordrhein-Westfalen
Grefrath;Nordrhein-Westfalen
Kempen;Nordrhein-Westfalen
Nettetal;Nordrhein-Westfalen
Niederkrüchten;Nordrhein-Westfalen
Schwalmtal;Nordrhein-Westfalen
Tönisvorst;Nordrhein-Westfalen
Viersen;Nordrhein-Westfalen
Willich;Nordrhein-Westfalen
Alpen;Nordrhein-Westfalen
Dinslaken;Nordrhein-Westfalen
Hamminkeln;Nordrhein-Westfalen
Hünxe;Nordrhein-Westfalen
Kamp-Lintfort;Nordrhein-Westfalen
Moers;Nordrhein-Westfalen
Neukirchen-Vluyn;Nordrhein-Westfalen
Rheinberg;Nordrhein-Westfalen
Schermbeck;Nordrhein-Westfalen
Sonsbeck;Nordrhein-Westfalen
Voerde (Niederrhein);Nordrhein-Westfalen
Wesel;Nordrhein-Westfalen
Xanten;Nordrhein-Westfalen
Bonn;Nordrhein-Westfalen
Köln;Nordrhein-Westfalen
Leverkusen;Nordrhein-Westfalen
Aachen;Nordrhein-Westfalen
Alsdorf;Nordrhein-Westfalen
Baesweiler;Nordrhein-Westfalen
Eschweiler;Nordrhein-Westfalen
Herzogenrath;Nordrhein-Westfalen
Monschau;Nordrhein-Westfalen
Roetgen;Nordrhein-Westfalen
Simmerath;Nordrhein-Westfalen
Stolberg (Rhld.);Nordrhein-Westfalen
Würselen;Nordrhein-Westfalen
Aldenhoven;Nordrhein-Westfalen
Düren;Nordrhein-Westfalen
Heimbach;Nordrhein-Westfalen
Hürtgenwald;Nordrhein-Westfalen
Inden;Nordrhein-Westfalen
Jülich;Nordrhein-Westfalen
Kreuzau;Nordrhein-Westfalen
Langerwehe;Nordrhein-Westfalen
Linnich;Nordrhein-Westfalen
Merzenich;Nordrhein-Westfalen
Nideggen;Nordrhein-Westfalen
Niederzier;Nordrhein-Westfalen
Nörvenich;Nordrhein-Westfalen
Titz;Nordrhein-Westfalen
Vettweiß;Nordrhein-Westfalen
Bedburg;Nordrhein-Westfalen
Bergheim;Nordrhein-Westfalen
Brühl;Nordrhein-Westfalen
Elsdorf;Nordrhein-Westfalen
Erftstadt;Nordrhein-Westfalen
Frechen;Nordrhein-Westfalen
Hürth;Nordrhein-Westfalen
Kerpen;Nordrhein-Westfalen
Pulheim;Nordrhein-Westfalen
Wesseling;Nordrhein-Westfalen
Bad Münstereifel;Nordrhein-Westfalen
Blankenheim;Nordrhein-Westfalen
Dahlem;Nordrhein-Westfalen
Euskirchen;Nordrhein-Westfalen
Hellenthal;Nordrhein-Westfalen
Kall;Nordrhein-Westfalen
Mechernich;Nordrhein-Westfalen
Nettersheim;Nordrhein-Westfalen
Schleiden;Nordrhein-Westfalen
Weilerswist;Nordrhein-Westfalen
Zülpich;Nordrhein-Westfalen
Erkelenz;Nordrhein-Westfalen
Gangelt;Nordrhein-Westfalen
Geilenkirchen;Nordrhein-Westfalen
Heinsberg;Nordrhein-Westfalen
Hückelhoven;Nordrhein-Westfalen
Selfkant;Nordrhein-Westfalen
Übach-Palenberg;Nordrhein-Westfalen
Waldfeucht;Nordrhein-Westfalen
Wassenberg;Nordrhein-Westfalen
Wegberg;Nordrhein-Westfalen
Bergneustadt;Nordrhein-Westfalen
Engelskirchen;Nordrhein-Westfalen
Gummersbach;Nordrhein-Westfalen
Hückeswagen;Nordrhein-Westfalen
Lindlar;Nordrhein-Westfalen
Marienheide;Nordrhein-Westfalen
Morsbach;Nordrhein-Westfalen
Nümbrecht;Nordrhein-Westfalen
Radevormwald;Nordrhein-Westfalen
Reichshof;Nordrhein-Westfalen
Waldbröl;Nordrhein-Westfalen
Wiehl;Nordrhein-Westfalen
Wipperfürth;Nordrhein-Westfalen
Bergisch Gladbach;Nordrhein-Westfalen
Burscheid;Nordrhein-Westfalen
Kürten;Nordrhein-Westfalen
Leichlingen (Rhld.);Nordrhein-Westfalen
Odenthal;Nordrhein-Westfalen
Overath;Nordrhein-Westfalen
Rösrath;Nordrhein-Westfalen
Wermelskirchen;Nordrhein-Westfalen
Alfter;Nordrhein-Westfalen
Bad Honnef;Nordrhein-Westfalen
Bornheim;Nordrhein-Westfalen
Eitorf;Nordrhein-Westfalen
Hennef (Sieg);Nordrhein-Westfalen
Königswinter;Nordrhein-Westfalen
Lohmar;Nordrhein-Westfalen
Meckenheim;Nordrhein-Westfalen
Much;Nordrhein-Westfalen
Neunkirchen-Seelscheid;Nordrhein-Westfalen
Niederkassel;Nordrhein-Westfalen
Rheinbach;Nordrhein-Westfalen
Ruppichteroth;Nordrhein-Westfalen
Sankt Augustin;Nordrhein-Westfalen
Siegburg;Nordrhein-Westfalen
Swisttal;Nordrhein-Westfalen
Troisdorf;Nordrhein-Westfalen
Wachtberg;Nordrhein-Westfalen
Windeck;Nordrhein-Westfalen
Bottrop;Nordrhein-Westfalen
Gelsenkirchen;Nordrhein-Westfalen
Münster;Nordrhein-Westfalen
Ahaus;Nordrhein-Westfalen
Bocholt;Nordrhein-Westfalen
Borken;Nordrhein-Westfalen
Gescher;Nordrhein-Westfalen
Gronau (Westf.);Nordrhein-Westfalen
Heek;Nordrhein-Westfalen
Heiden;Nordrhein-Westfalen
Isselburg;Nordrhein-Westfalen
Legden;Nordrhein-Westfalen
Raesfeld;Nordrhein-Westfalen
Reken;Nordrhein-Westfalen
Rhede;Nordrhein-Westfalen
Schöppingen;Nordrhein-Westfalen
Stadtlohn;Nordrhein-Westfalen
Südlohn;Nordrhein-Westfalen
Velen;Nordrhein-Westfalen
Vreden;Nordrhein-Westfalen
Ascheberg;Nordrhein-Westfalen
Billerbeck;Nordrhein-Westfalen
Coesfeld;Nordrhein-Westfalen
Dülmen;Nordrhein-Westfalen
Havixbeck;Nordrhein-Westfalen
Lüdinghausen;Nordrhein-Westfalen
Nordkirchen;Nordrhein-Westfalen
Nottuln;Nordrhein-Westfalen
Olfen;Nordrhein-Westfalen
Rosendahl;Nordrhein-Westfalen
Senden;Nordrhein-Westfalen
Castrop-Rauxel;Nordrhein-Westfalen
Datteln;Nordrhein-Westfalen
Dorsten;Nordrhein-Westfalen
Gladbeck;Nordrhein-Westfalen
Darmstadt;Hessen
Frankfurt am Main;Hessen
Offenbach am Main;Hessen
Wiesbaden;Hessen
Abtsteinach;Hessen
Bensheim;Hessen
Biblis;Hessen
Birkenau;Hessen
Bürstadt;Hessen
Einhausen;Hessen
Fürth;Hessen
Gorxheimertal;Hessen
Grasellenbach;Hessen
Groß-Rohrheim;Hessen
Heppenheim (Bergstraße);Hessen
Hirschhorn (Neckar);Hessen
Lampertheim;Hessen
Lautertal (Odenwald);Hessen
Lindenfels;Hessen
Lorsch;Hessen
Mörlenbach;Hessen
Neckarsteinach;Hessen
Rimbach;Hessen
Viernheim;Hessen
Wald-Michelbach;Hessen
Zwingenberg;Hessen
Michelbuch;Hessen
Alsbach-Hähnlein;Hessen
Babenhausen;Hessen
Bickenbach;Hessen
Dieburg;Hessen
Eppertshausen;Hessen
Erzhausen;Hessen
Fischbachtal;Hessen
Griesheim;Hessen
Groß-Bieberau;Hessen
Groß-Umstadt;Hessen
Groß-Zimmern;Hessen
Messel;Hessen
Modautal;Hessen
Mühltal;Hessen
Münster (Hessen);Hessen
Ober-Ramstadt;Hessen
Otzberg;Hessen
Pfungstadt;Hessen
Reinheim;Hessen
Roßdorf;Hessen
Schaafheim;Hessen
Seeheim-Jugenheim;Hessen
Weiterstadt;Hessen
Biebesheim am Rhein;Hessen
Bischofsheim;Hessen
Büttelborn;Hessen
Gernsheim;Hessen
Ginsheim-Gustavsburg;Hessen
Groß-Gerau;Hessen
Kelsterbach;Hessen
Mörfelden-Walldorf;Hessen
Nauheim;Hessen
Raunheim;Hessen
Riedstadt;Hessen
Rüsselsheim am Main;Hessen
Stockstadt am Rhein;Hessen
Trebur;Hessen
Bad Homburg v.d. Höhe;Hessen
Friedrichsdorf;Hessen
Glashütten;Hessen
Grävenwiesbach;Hessen
Königstein im Taunus;Hessen
Kronberg im Taunus;Hessen
Neu-Anspach;Hessen
Oberursel (Taunus);Hessen
Schmitten;Hessen
Steinbach (Taunus);Hessen
Usingen;Hessen
Wehrheim;Hessen
Weilrod;Hessen
Bad Orb;Hessen
Bad Soden-Salmünster;Hessen
Biebergemünd;Hessen
Birstein;Hessen
Brachttal;Hessen
Bruchköbel;Hessen
Erlensee;Hessen
Flörsbachtal;Hessen
Freigericht;Hessen
Gelnhausen;Hessen
Großkrotzenburg;Hessen
Gründau;Hessen
Hammersbach;Hessen
Hanau;Hessen
Hasselroth;Hessen
Jossgrund;Hessen
Langenselbold;Hessen
Linsengericht;Hessen
Maintal;Hessen
Neuberg;Hessen
Nidderau;Hessen
Niederdorfelden;Hessen
Rodenbach;Hessen
Ronneburg;Hessen
Schlüchtern;Hessen
Schöneck;Hessen
Sinntal;Hessen
Steinau an der Straße;Hessen
Wächtersbach;Hessen
Gutsbezirk Spessart;Hessen
Bad Soden am Taunus;Hessen
Eppstein;Hessen
Eschborn;Hessen
Flörsheim am Main;Hessen
Hattersheim am Main;Hessen
Hochheim am Main;Hessen
Hofheim am Taunus;Hessen
Kelkheim (Taunus);Hessen
Kriftel;Hessen
Liederbach am Taunus;Hessen
Schwalbach am Taunus;Hessen
Sulzbach (Taunus);Hessen
Bad König;Hessen
Brensbach;Hessen
Breuberg;Hessen
Brombachtal;Hessen
Erbach;Hessen
Fränkisch-Crumbach;Hessen
Höchst i. Odw.;Hessen
Lützelbach;Hessen
Michelstadt;Hessen
Mossautal;Hessen
Reichelsheim (Odenwald);Hessen
Oberzent;Hessen
Dietzenbach;Hessen
Dreieich;Hessen
Egelsbach;Hessen
Hainburg;Hessen
Heusenstamm;Hessen
Langen (Hessen);Hessen
Mainhausen;Hessen
Mühlheim am Main;Hessen
Neu-Isenburg;Hessen
Obertshausen;Hessen
Rodgau;Hessen
Rödermark;Hessen
Seligenstadt;Hessen
Aarbergen;Hessen
Bad Schwalbach;Hessen
Eltville am Rhein;Hessen
Geisenheim;Hessen
Heidenrod;Hessen
Hohenstein;Hessen
Hünstetten;Hessen
Idstein;Hessen
Kiedrich;Hessen
Lorch;Hessen
Niedernhausen;Hessen
Oestrich-Winkel;Hessen
Rüdesheim am Rhein;Hessen
Schlangenbad;Hessen
Taunusstein;Hessen
Waldems;Hessen
Walluf;Hessen
Altenstadt;Hessen
Bad Nauheim;Hessen
Bad Vilbel;Hessen
Büdingen;Hessen
Butzbach;Hessen
Echzell;Hessen
Florstadt;Hessen
Friedberg (Hessen);Hessen
Gedern;Hessen
Glauburg;Hessen
Hirzenhain;Hessen
Karben;Hessen
Kefenrod;Hessen
Limeshain;Hessen
Münzenberg;Hessen
Nidda;Hessen
Niddatal;Hessen
Ober-Mörlen;Hessen
Ortenberg;Hessen
Ranstadt;Hessen
Reichelsheim (Wetterau);Hessen
Rockenberg;Hessen
Rosbach v.d. Höhe;Hessen
Wölfersheim;Hessen
Wöllstadt;Hessen
Allendorf (Lumda);Hessen
Biebertal;Hessen
Buseck;Hessen
Fernwald;Hessen
Gießen;Hessen
Grünberg;Hessen
Heuchelheim;Hessen
Hungen;Hessen
Langgöns;Hessen
Laubach;Hessen
Lich;Hessen
Linden;Hessen
Lollar;Hessen
Pohlheim;Hessen
Koblenz;Rheinland-Pfalz
Bad Neuenahr-Ahrweiler;Rheinland-Pfalz
Remagen;Rheinland-Pfalz
Sinzig;Rheinland-Pfalz
Grafschaft;Rheinland-Pfalz
Adenau;Rheinland-Pfalz
Antweiler;Rheinland-Pfalz
Aremberg;Rheinland-Pfalz
Barweiler;Rheinland-Pfalz
Bauler;Rheinland-Pfalz
Dankerath;Rheinland-Pfalz
Dorsel;Rheinland-Pfalz
Eichenbach;Rheinland-Pfalz
Fuchshofen;Rheinland-Pfalz
Harscheid;Rheinland-Pfalz
Herschbroich;Rheinland-Pfalz
Hoffeld;Rheinland-Pfalz
Honerath;Rheinland-Pfalz
Hümmel;Rheinland-Pfalz
Insul;Rheinland-Pfalz
Kaltenborn;Rheinland-Pfalz
Kottenborn;Rheinland-Pfalz
Leimbach;Rheinland-Pfalz
Meuspath;Rheinland-Pfalz
Müllenbach;Rheinland-Pfalz
Müsch;Rheinland-Pfalz
Nürburg;Rheinland-Pfalz
Ohlenhard;Rheinland-Pfalz
Pomster;Rheinland-Pfalz
Quiddelbach;Rheinland-Pfalz
Reifferscheid;Rheinland-Pfalz
Rodder;Rheinland-Pfalz
Schuld;Rheinland-Pfalz
Senscheid;Rheinland-Pfalz
Sierscheid;Rheinland-Pfalz
Trierscheid;Rheinland-Pfalz
Wershofen;Rheinland-Pfalz
Wiesemscheid;Rheinland-Pfalz
Wimbach;Rheinland-Pfalz
Winnerath;Rheinland-Pfalz
Wirft;Rheinland-Pfalz
Dümpelfeld;Rheinland-Pfalz
Ahrbrück;Rheinland-Pfalz
Altenahr;Rheinland-Pfalz
Berg;Rheinland-Pfalz
Dernau;Rheinland-Pfalz
Heckenbach;Rheinland-Pfalz
Hönningen;Rheinland-Pfalz
Kalenborn;Rheinland-Pfalz
Kesseling;Rheinland-Pfalz
Kirchsahr;Rheinland-Pfalz
Lind;Rheinland-Pfalz
Mayschoß;Rheinland-Pfalz
Rech;Rheinland-Pfalz
Bad Breisig;Rheinland-Pfalz
Brohl-Lützing;Rheinland-Pfalz
Gönnersdorf;Rheinland-Pfalz
Waldorf;Rheinland-Pfalz
Dedenbach;Rheinland-Pfalz
Königsfeld;Rheinland-Pfalz
Niederdürenbach;Rheinland-Pfalz
Niederzissen;Rheinland-Pfalz
Oberdürenbach;Rheinland-Pfalz
Oberzissen;Rheinland-Pfalz
Schalkenbach;Rheinland-Pfalz
Brenk;Rheinland-Pfalz
Burgbrohl;Rheinland-Pfalz
Galenberg;Rheinland-Pfalz
Glees;Rheinland-Pfalz
Hohenleimbach;Rheinland-Pfalz
Spessart;Rheinland-Pfalz
Wassenach;Rheinland-Pfalz
Wehr;Rheinland-Pfalz
Weibern;Rheinland-Pfalz
Kempenich;Rheinland-Pfalz
Almersbach;Rheinland-Pfalz
Bachenberg;Rheinland-Pfalz
Birnbach;Rheinland-Pfalz
Busenhausen;Rheinland-Pfalz
Eichelhardt;Rheinland-Pfalz
Ersfeld;Rheinland-Pfalz
Fiersbach;Rheinland-Pfalz
Fluterschen;Rheinland-Pfalz
Forstmehren;Rheinland-Pfalz
Gieleroth;Rheinland-Pfalz
Hasselbach;Rheinland-Pfalz
Helmenzen;Rheinland-Pfalz
Helmeroth;Rheinland-Pfalz
Hemmelzen;Rheinland-Pfalz
Heupelzen;Rheinland-Pfalz
Hilgenroth;Rheinland-Pfalz
Hirz-Maulsbach;Rheinland-Pfalz
Idelberg;Rheinland-Pfalz
Ingelbach;Rheinland-Pfalz
Isert;Rheinland-Pfalz
Kettenhausen;Rheinland-Pfalz
Kircheib;Rheinland-Pfalz
Kraam;Rheinland-Pfalz
Mammelzen;Rheinland-Pfalz
Mehren;Rheinland-Pfalz
Michelbach (Westerwald);Rheinland-Pfalz
Neitersen;Rheinland-Pfalz
Obererbach (Westerwald);Rheinland-Pfalz
Oberirsen;Rheinland-Pfalz
Oberwambach;Rheinland-Pfalz
Ölsen;Rheinland-Pfalz
Racksen;Rheinland-Pfalz
Rettersen;Rheinland-Pfalz
Schöneberg;Rheinland-Pfalz
Sörth;Rheinland-Pfalz
Stürzelbach;Rheinland-Pfalz
Volkerzen;Rheinland-Pfalz
Werkhausen;Rheinland-Pfalz
Weyerbusch;Rheinland-Pfalz
Wölmersen;Rheinland-Pfalz
Berod bei Hachenburg;Rheinland-Pfalz
Altenkirchen (Westerwald);Rheinland-Pfalz
Daaden;Rheinland-Pfalz
Derschen;Rheinland-Pfalz
Emmerzhausen;Rheinland-Pfalz
Friedewald;Rheinland-Pfalz
Herdorf;Rheinland-Pfalz
Mauden;Rheinland-Pfalz
Niederdreisbach;Rheinland-Pfalz
Nisterberg;Rheinland-Pfalz
Schutzbach;Rheinland-Pfalz
Weitefeld;Rheinland-Pfalz
Berzhausen;Rheinland-Pfalz
Bürdenbach;Rheinland-Pfalz
Burglahr;Rheinland-Pfalz
Eichen;Rheinland-Pfalz
Eulenberg;Rheinland-Pfalz
Flammersfeld;Rheinland-Pfalz
Giershausen;Rheinland-Pfalz
Güllesheim;Rheinland-Pfalz
Horhausen (Westerwald);Rheinland-Pfalz
Kescheid;Rheinland-Pfalz
Krunkel;Rheinland-Pfalz
Niedersteinebach;Rheinland-Pfalz
Oberlahr;Rheinland-Pfalz
Obernau;Rheinland-Pfalz
Obersteinebach;Rheinland-Pfalz
Orfgen;Rheinland-Pfalz
Peterslahr;Rheinland-Pfalz
Pleckhausen;Rheinland-Pfalz
Reiferscheid;Rheinland-Pfalz
Rott;Rheinland-Pfalz
Schürdt;Rheinland-Pfalz
Seelbach (Westerwald);Rheinland-Pfalz
Seifen;Rheinland-Pfalz
Walterschen;Rheinland-Pfalz
Willroth;Rheinland-Pfalz
Ziegenhain;Rheinland-Pfalz
Birkenbeul;Rheinland-Pfalz
Bitzen;Rheinland-Pfalz
Breitscheidt;Rheinland-Pfalz
Bruchertseifen;Rheinland-Pfalz
Etzbach;Rheinland-Pfalz
Forst;Rheinland-Pfalz
Fürthen;Rheinland-Pfalz
Hamm (Sieg);Rheinland-Pfalz
Niederirsen;Rheinland-Pfalz
Pracht;Rheinland-Pfalz
Roth;Rheinland-Pfalz
Seelbach bei Hamm (Sieg);Rheinland-Pfalz
Brachbach;Rheinland-Pfalz
Friesenhagen;Rheinland-Pfalz
Harbach;Rheinland-Pfalz
Kirchen (Sieg);Rheinland-Pfalz
Mudersbach;Rheinland-Pfalz
Niederfischbach;Rheinland-Pfalz
Birken-Honigsessen;Rheinland-Pfalz
Mittelhof;Rheinland-Pfalz
Hövels;Rheinland-Pfalz
Katzwinkel (Sieg);Rheinland-Pfalz
Selbach (Sieg);Rheinland-Pfalz
Wissen;Rheinland-Pfalz
Alsdorf;Rheinland-Pfalz
Betzdorf;Rheinland-Pfalz
Dickendorf;Rheinland-Pfalz
Elben;Rheinland-Pfalz
Elkenroth;Rheinland-Pfalz
Fensdorf;Rheinland-Pfalz
Gebhardshain;Rheinland-Pfalz
Grünebach;Rheinland-Pfalz
Kausen;Rheinland-Pfalz
Malberg;Rheinland-Pfalz
Molzhain;Rheinland-Pfalz
Nauroth;Rheinland-Pfalz
Rosenheim (Landkreis Altenkirchen);Rheinland-Pfalz
Scheuerfeld;Rheinland-Pfalz
Steinebach/Sieg;Rheinland-Pfalz
Steineroth;Rheinland-Pfalz
Wallmenroth;Rheinland-Pfalz
Bad Kreuznach;Rheinland-Pfalz
Kirn;Rheinland-Pfalz
Altenbamberg;Rheinland-Pfalz
Biebelsheim;Rheinland-Pfalz
Feilbingert;Rheinland-Pfalz
Frei-Laubersheim;Rheinland-Pfalz
Stuttgart;Baden-Württemberg
Böblingen;Baden-Württemberg
Leonberg;Baden-Württemberg
Magstadt;Baden-Württemberg
Renningen;Baden-Württemberg
Rutesheim;Baden-Württemberg
Schönaich;Baden-Württemberg
Sindelfingen;Baden-Württemberg
Weil der Stadt;Baden-Württemberg
Weil im Schönbuch;Baden-Württemberg
Weissach;Baden-Württemberg
Aidlingen;Baden-Württemberg
Grafenau;Baden-Württemberg
Ehningen;Baden-Württemberg
Gärtringen;Baden-Württemberg
Deckenpfronn;Baden-Württemberg
Herrenberg;Baden-Württemberg
Nufringen;Baden-Württemberg
Altdorf;Baden-Württemberg
Hildrizhausen;Baden-Württemberg
Holzgerlingen;Baden-Württemberg
Bondorf;Baden-Württemberg
Gäufelden;Baden-Württemberg
Mötzingen;Baden-Württemberg
Jettingen;Baden-Württemberg
Steinenbronn;Baden-Württemberg
Waldenbuch;Baden-Württemberg
Denkendorf;Baden-Württemberg
Esslingen am Neckar;Baden-Württemberg
Neuhausen auf den Fildern;Baden-Württemberg
Wernau (Neckar);Baden-Württemberg
Aichwald;Baden-Württemberg
Filderstadt;Baden-Württemberg
Leinfelden-Echterdingen;Baden-Württemberg
Ostfildern;Baden-Württemberg
Aichtal;Baden-Württemberg
Dettingen unter Teck;Baden-Württemberg
Kirchheim unter Teck;Baden-Württemberg
Notzingen;Baden-Württemberg
Erkenbrechtsweiler;Baden-Württemberg
Owen;Baden-Württemberg
Lenningen;Baden-Württemberg
Altdorf;Baden-Württemberg
Altenriet;Baden-Württemberg
Bempflingen;Baden-Württemberg
Neckartailfingen;Baden-Württemberg
Neckartenzlingen;Baden-Württemberg
Schlaitdorf;Baden-Württemberg
Beuren;Baden-Württemberg
Kohlberg;Baden-Württemberg
Neuffen;Baden-Württemberg
Frickenhausen;Baden-Württemberg
Großbettlingen;Baden-Württemberg
Nürtingen;Baden-Württemberg
Oberboihingen;Baden-Württemberg
Unterensingen;Baden-Württemberg
Wolfschlugen;Baden-Württemberg
Altbach;Baden-Württemberg
Deizisau;Baden-Württemberg
Plochingen;Baden-Württemberg
Baltmannsweiler;Baden-Württemberg
Hochdorf;Baden-Württemberg
Lichtenwald;Baden-Württemberg
Reichenbach an der Fils;Baden-Württemberg
Bissingen an der Teck;Baden-Württemberg
Holzmaden;Baden-Württemberg
Neidlingen;Baden-Württemberg
Ohmden;Baden-Württemberg
Weilheim an der Teck;Baden-Württemberg
Köngen;Baden-Württemberg
Wendlingen am Neckar;Baden-Württemberg
Böhmenkirch;Baden-Württemberg
Bad Ditzenbach;Baden-Württemberg
Deggingen;Baden-Württemberg
Ebersbach an der Fils;Baden-Württemberg
Schlierbach;Baden-Württemberg
Eislingen/Fils;Baden-Württemberg
Ottenbach;Baden-Württemberg
Salach;Baden-Württemberg
Bad Überkingen;Baden-Württemberg
Geislingen an der Steige;Baden-Württemberg
Kuchen;Baden-Württemberg
Göppingen;Baden-Württemberg
Schlat;Baden-Württemberg
Wäschenbeuren;Baden-Württemberg
Wangen;Baden-Württemberg
Donzdorf;Baden-Württemberg
Gingen an der Fils;Baden-Württemberg
Süßen;Baden-Württemberg
Lauterstein;Baden-Württemberg
Drackenstein;Baden-Württemberg
Gruibingen;Baden-Württemberg
Hohenstadt;Baden-Württemberg
Mühlhausen im Täle;Baden-Württemberg
Wiesensteig;Baden-Württemberg
Adelberg;Baden-Württemberg
Birenbach;Baden-Württemberg
Börtlingen;Baden-Württemberg
Rechberghausen;Baden-Württemberg
Aichelberg;Baden-Württemberg
Bad Boll;Baden-Württemberg
Dürnau;Baden-Württemberg
Gammelshausen;Baden-Württemberg
Hattenhofen;Baden-Württemberg
Zell unter Aichelberg;Baden-Württemberg
Albershausen;Baden-Württemberg
Uhingen;Baden-Württemberg
Eschenbach;Baden-Württemberg
Heiningen;Baden-Württemberg
Asperg;Baden-Württemberg
Ditzingen;Baden-Württemberg
Gerlingen;Baden-Württemberg
Großbottwar;Baden-Württemberg
Kornwestheim;Baden-Württemberg
Ludwigsburg;Baden-Württemberg
Markgröningen;Baden-Württemberg
Möglingen;Baden-Württemberg
Oberstenfeld;Baden-Württemberg
Sachsenheim;Baden-Württemberg
Korntal-Münchingen;Baden-Württemberg
Remseck am Neckar;Baden-Württemberg
Besigheim;Baden-Württemberg
Freudental;Baden-Württemberg
Gemmrigheim;Baden-Württemberg
Hessigheim;Baden-Württemberg
Löchgau;Baden-Württemberg
Mundelsheim;Baden-Württemberg
Walheim;Baden-Württemberg
Tamm;Baden-Württemberg
Ingersheim;Baden-Württemberg
Bietigheim-Bissingen;Baden-Württemberg
Bönnigheim;Baden-Württemberg
Erligheim;Baden-Württemberg
Kirchheim am Neckar;Baden-Württemberg
Pleidelsheim;Baden-Württemberg
Freiberg am Neckar;Baden-Württemberg
Affalterbach;Baden-Württemberg
Benningen am Neckar;Baden-Württemberg
Erdmannhausen;Baden-Württemberg
Marbach am Neckar;Baden-Württemberg
Hemmingen;Baden-Württemberg
Schwieberdingen;Baden-Württemberg
Murr;Baden-Württemberg
Steinheim an der Murr;Baden-Württemberg
Eberdingen;Baden-Württemberg
Oberriexingen;Baden-Württemberg
Sersheim;Baden-Württemberg
Vaihingen an der Enz;Baden-Württemberg
Alfdorf;Baden-Württemberg
Fellbach;Baden-Württemberg
Korb;Baden-Württemberg
Murrhardt;Baden-Württemberg
Rudersberg;Baden-Württemberg
Waiblingen;Baden-Württemberg
Berglen;Baden-Württemberg
Remshalden;Baden-Württemberg
Weinstadt;Baden-Württemberg
Kernen im Remstal;Baden-Württemberg
Allmersbach im Tal;Baden-Württemberg
Althütte;Baden-Württemberg
Auenwald;Baden-Württemberg
Backnang;Baden-Württemberg
Burgstetten;Baden-Württemberg
Kirchberg an der Murr;Baden-Württemberg
Oppenweiler;Baden-Württemberg
Weissach im Tal;Baden-Württemberg
Aspach;Baden-Württemberg
Plüderhausen;Baden-Württemberg
Urbach;Baden-Württemberg
Schorndorf;Baden-Württemberg
Winterbach;Baden-Württemberg
Großerlach;Baden-Württemberg
Spiegelberg;Baden-Württemberg
Sulzbach an der Murr;Baden-Württemberg
Kaisersbach;Baden-Württemberg
Welzheim;Baden-Württemberg
Leutenbach;Baden-Württemberg
Schwaikheim;Baden-Württemberg
Winnenden;Baden-Württemberg
Heilbronn;Baden-Württemberg
Bad Wimpfen;Baden-Württemberg
Gundelsheim;Baden-Württemberg
Leingarten;Baden-Württemberg
Neudenau;Baden-Württemberg
Wüstenrot;Baden-Württemberg
Bad Friedrichshall;Baden-Württemberg
Oedheim;Baden-Württemberg
Offenau;Baden-Württemberg
Bad Rappenau;Baden-Württemberg
Kirchardt;Baden-Württemberg
Siegelsbach;Baden-Württemberg
Brackenheim;Baden-Württemberg
Cleebronn;Baden-Württemberg
Eppingen;Baden-Württemberg
Gemmingen;Baden-Württemberg
Ittlingen;Baden-Württemberg
Flein;Baden-Württemberg
Talheim;Baden-Württemberg
Lauffen am Neckar;Baden-Württemberg
Neckarwestheim;Baden-Württemberg
Ingolstadt;Bayern
München;Bayern
Rosenheim;Bayern
Altötting;Bayern
Burghausen;Bayern
Burgkirchen a.d. Alz;Bayern
Garching a.d. Alz;Bayern
Haiming;Bayern
Neuötting;Bayern
Pleiskirchen;Bayern
Teising;Bayern
Töging a. Inn;Bayern
Tüßling;Bayern
Winhöring;Bayern
Emmerting;Bayern
Mehring;Bayern
Feichten a.d. Alz;Bayern
Halsbach;Bayern
Kirchweidach;Bayern
Tyrlaching;Bayern
Marktl;Bayern
Stammham;Bayern
Erlbach;Bayern
Perach;Bayern
Reischach;Bayern
Kastl;Bayern
Unterneukirchen;Bayern
Ainring;Bayern
Anger;Bayern
Bad Reichenhall;Bayern
Bayerisch Gmain;Bayern
Berchtesgaden;Bayern
Bischofswiesen;Bayern
Freilassing;Bayern
Laufen;Bayern
Marktschellenberg;Bayern
Piding;Bayern
Ramsau b. Berchtesgaden;Bayern
Saaldorf-Surheim;Bayern
Schneizlreuth;Bayern
Schönau a. Königssee;Bayern
Teisendorf;Bayern
Eck;Bayern
Schellenberger Forst;Bayern
Bad Heilbrunn;Bayern
Bad Tölz;Bayern
Dietramszell;Bayern
Egling;Bayern
Eurasburg;Bayern
Gaißach;Bayern
Geretsried;Bayern
Icking;Bayern
Jachenau;Bayern
Königsdorf;Bayern
Lenggries;Bayern
Münsing;Bayern
Wackersberg;Bayern
Wolfratshausen;Bayern
Benediktbeuern;Bayern
Bichl;Bayern
Kochel a. See;Bayern
Schlehdorf;Bayern
Greiling;Bayern
Reichersbeuern;Bayern
Sachsenkam;Bayern
Pupplinger Au;Bayern
Wolfratshauser Forst;Bayern
Altomünster;Bayern
Bergkirchen;Bayern
Dachau;Bayern
Erdweg;Bayern
Haimhausen;Bayern
Hebertshausen;Bayern
Karlsfeld;Bayern
Markt Indersdorf;Bayern
Odelzhausen;Bayern
Petershausen;Bayern
Pfaffenhofen a.d. Glonn;Bayern
Röhrmoos;Bayern
Schwabhausen;Bayern
Sulzemoos;Bayern
Hilgertshausen-Tandern;Bayern
Vierkirchen;Bayern
Weichs;Bayern
Anzing;Bayern
Ebersberg;Bayern
Forstinning;Bayern
Grafing b. München;Bayern
Hohenlinden;Bayern
Kirchseeon;Bayern
Markt Schwaben;Bayern
Vaterstetten;Bayern
Pliening;Bayern
Poing;Bayern
Steinhöring;Bayern
Zorneding;Bayern
Aßling;Bayern
Frauenneuharting;Bayern
Emmering;Bayern
Baiern;Bayern
Bruck;Bayern
Egmating;Bayern
Glonn;Bayern
Moosach;Bayern
Oberpframmern;Bayern
Anzinger Forst;Bayern
Ebersberger Forst;Bayern
Eglhartinger Forst;Bayern
Altmannstein;Bayern
Beilngries;Bayern
Buxheim;Bayern
Denkendorf;Bayern
Dollnstein;Bayern
Eichstätt;Bayern
Gaimersheim;Bayern
Großmehring;Bayern
Hepberg;Bayern
Hitzhofen;Bayern
Kinding;Bayern
Kipfenberg;Bayern
Kösching;Bayern
Lenting;Bayern
Mörnsheim;Bayern
Stammham;Bayern
Titting;Bayern
Wellheim;Bayern
Wettstetten;Bayern
Pollenfeld;Bayern
Schernfeld;Bayern
Walting;Bayern
Böhmfeld;Bayern
Eitensheim;Bayern
Adelschlag;Bayern
Egweil;Bayern
Nassenfels;Bayern
Mindelstetten;Bayern
Oberdolling;Bayern
Pförring;Bayern
Haunstetter Forst;Bayern
Bockhorn;Bayern
Dorfen;Bayern
Erding;Bayern
Finsing;Bayern
Forstern;Bayern
Fraunberg;Bayern
Isen;Bayern
Lengdorf;Bayern
Moosinning;Bayern
Sankt Wolfgang;Bayern
Taufkirchen (Vils);Bayern
Buch a. Buchrain;Bayern
Pastetten;Bayern
Walpertskirchen;Bayern
Wörth;Bayern
Eitting;Bayern
Oberding;Bayern
Neuching;Bayern
Ottenhofen;Bayern
Hohenpolding;Bayern
Inning a. Holz;Bayern
Kirchberg;Bayern
Steinkirchen;Bayern
Berglern;Bayern
Langenpreising;Bayern
Wartenberg;Bayern
Au i.d. Hallertau;Bayern
Eching;Bayern
Rudelzhausen;Bayern
Fahrenzhausen;Bayern
Freising;Bayern
Hallbergmoos;Bayern
Hohenkammer;Bayern
Kirchdorf a.d. Amper;Bayern
Kranzberg;Bayern
Langenbach;Bayern
Marzling;Bayern
Moosburg a.d. Isar;Bayern
Nandlstadt;Bayern
Neufahrn b. Freising;Bayern
Allershausen;Bayern
Paunzhausen;Bayern
Gammelsdorf;Bayern
Hörgertshausen;Bayern
Mauern;Bayern
Wang;Bayern
Attenkirchen;Bayern
Haag a.d. Amper;Bayern
Wolfersdorf;Bayern
Zolling;Bayern
Alling;Bayern
Egenhofen;Bayern
Eichenau;Bayern
Emmering;Bayern
Fürstenfeldbruck;Bayern
Germering;Bayern
Gröbenzell;Bayern
Maisach;Bayern
Moorenweis;Bayern
Olching;Bayern
Puchheim;Bayern
Brandenburg an der Havel;Brandenburg
Cottbus;Brandenburg
Frankfurt (Oder);Brandenburg
Potsdam;Brandenburg
Ahrensfelde;Brandenburg
Bernau bei Berlin;Brandenburg
Eberswalde;Brandenburg
Panketal;Brandenburg
Schorfheide;Brandenburg
Wandlitz;Brandenburg
Werneuchen;Brandenburg
Biesenthal;Brandenburg
Breydin;Brandenburg
Marienwerder;Brandenburg
Melchow;Brandenburg
Rüdnitz;Brandenburg
Sydower Fließ;Brandenburg
Althüttendorf;Brandenburg
Friedrichswalde;Brandenburg
Joachimsthal;Brandenburg
Ziethen;Brandenburg
Britz;Brandenburg
Chorin;Brandenburg
Hohenfinow;Brandenburg
Liepe;Brandenburg
Lunow-Stolzenhagen;Brandenburg
Niederfinow;Brandenburg
Oderberg;Brandenburg
Parsteinsee;Brandenburg
Bestensee;Brandenburg
Eichwalde;Brandenburg
Heidesee;Brandenburg
Heideblick;Brandenburg
Königs Wusterhausen;Brandenburg
Lübben (Spreewald);Brandenburg
Luckau;Brandenburg
Märkische Heide;Brandenburg
Mittenwalde;Brandenburg
Schönefeld;Brandenburg
Schulzendorf;Brandenburg
Wildau;Brandenburg
Zeuthen;Brandenburg
Groß Köris;Brandenburg
Halbe;Brandenburg
Märkisch Buchholz;Brandenburg
Münchehofe;Brandenburg
Schwerin;Brandenburg
Teupitz;Brandenburg
Alt Zauche-Wußwerk;Brandenburg
Byhleguhre-Byhlen;Brandenburg
Jamlitz;Brandenburg
Lieberose;Brandenburg
Neu Zauche;Brandenburg
Schwielochsee;Brandenburg
Spreewaldheide;Brandenburg
Straupitz (Spreewald);Brandenburg
Bersteland;Brandenburg
Drahnsdorf;Brandenburg
Golßen;Brandenburg
Kasel-Golzig;Brandenburg
Krausnick-Groß Wasserburg;Brandenburg
Rietzneuendorf-Staakow;Brandenburg
Schlepzig;Brandenburg
Schönwald;Brandenburg
Steinreich;Brandenburg
Unterspreewald;Brandenburg
Bad Liebenwerda;Brandenburg
Doberlug-Kirchhain;Brandenburg
Elsterwerda;Brandenburg
Falkenberg/Elster;Brandenburg
Finsterwalde;Brandenburg
Herzberg (Elster);Brandenburg
Mühlberg/Elbe;Brandenburg
Röderland;Brandenburg
Schönewalde;Brandenburg
Sonnewalde;Brandenburg
Uebigau-Wahrenbrück;Brandenburg
Heideland;Brandenburg
Rückersdorf;Brandenburg
Schilda;Brandenburg
Schönborn;Brandenburg
Tröbitz;Brandenburg
Crinitz;Brandenburg
Lichterfeld-Schacksdorf;Brandenburg
Massen-Niederlausitz;Brandenburg
Sallgast;Brandenburg
Gorden-Staupitz;Brandenburg
Hohenleipisch;Brandenburg
Plessa;Brandenburg
Schraden;Brandenburg
Fichtwald;Brandenburg
Hohenbucko;Brandenburg
Kremitzaue;Brandenburg
Lebusa;Brandenburg
Schlieben;Brandenburg
Gröden;Brandenburg
Großthiemig;Brandenburg
Hirschfeld;Brandenburg
Merzdorf;Brandenburg
Brieselang;Brandenburg
Dallgow-Döberitz;Brandenburg
Falkensee;Brandenburg
Ketzin/Havel;Brandenburg
Milower Land;Brandenburg
Nauen;Brandenburg
Premnitz;Brandenburg
Rathenow;Brandenburg
Schönwalde-Glien;Brandenburg
Wustermark;Brandenburg
Friesack;Brandenburg
Wiesenaue;Brandenburg
Mühlenberge;Brandenburg
Paulinenaue;Brandenburg
Pessin;Brandenburg
Retzow;Brandenburg
Kotzen;Brandenburg
Märkisch Luch;Brandenburg
Nennhausen;Brandenburg
Stechow-Ferchesar;Brandenburg
Gollenberg;Brandenburg
Großderschau;Brandenburg
Havelaue;Brandenburg
Kleßen-Görne;Brandenburg
Rhinow;Brandenburg
Seeblick;Brandenburg
Altlandsberg;Brandenburg
Bad Freienwalde (Oder);Brandenburg
Fredersdorf-Vogelsdorf;Brandenburg
Hoppegarten;Brandenburg
Letschin;Brandenburg
Müncheberg;Brandenburg
Neuenhagen bei Berlin;Brandenburg
Petershagen/Eggersdorf;Brandenburg
Rüdersdorf bei Berlin;Brandenburg
Seelow;Brandenburg
Strausberg;Brandenburg
Wriezen;Brandenburg
Beiersdorf-Freudenberg;Brandenburg
Falkenberg;Brandenburg
Heckelberg-Brunow;Brandenburg
Höhenland;Brandenburg
Alt Tucheband;Brandenburg
Bleyen-Genschmar;Brandenburg
Golzow;Brandenburg
Küstriner Vorland;Brandenburg
Zechin;Brandenburg
Lebus;Brandenburg
Podelzig;Brandenburg
Reitwein;Brandenburg
Treplin;Brandenburg
Zeschdorf;Brandenburg
Buckow (Märkische Schweiz);Brandenburg
Garzau-Garzin;Brandenburg
Oberbarnim;Brandenburg
Rehfelde;Brandenburg
Waldsieversdorf;Brandenburg
Gusow-Platkow;Brandenburg
Märkische Höhe;Brandenburg
Neuhardenberg;Brandenburg
Falkenhagen (Mark);Brandenburg
Fichtenhöhe;Brandenburg
Lietzen;Brandenburg
Lindendorf;Brandenburg
Vierlinden;Brandenburg
Bliesdorf;Brandenburg
Neulewin;Brandenburg
Neutrebbin;Brandenburg
Oderaue;Brandenburg
Prötzel;Brandenburg
Reichenow-Möglin;Brandenburg
Birkenwerder;Brandenburg
Fürstenberg/Havel;Brandenburg
Glienicke/Nordbahn;Brandenburg
Hennigsdorf;Brandenburg
Hohen Neuendorf;Brandenburg
Kremmen;Brandenburg
Leegebruch;Brandenburg
Liebenwalde;Brandenburg
Löwenberger Land;Brandenburg
Mühlenbecker Land;Brandenburg
Oberkrämer;Brandenburg
Oranienburg;Brandenburg
Velten;Brandenburg
Zehdenick;Brandenburg
Gransee;Brandenburg
Großwoltersdorf;Brandenburg
Schönermark;Brandenburg
Sonnenberg;Brandenburg
Stechlin;Brandenburg
Calau;Brandenburg
Großräschen;Brandenburg
Lauchhammer;Brandenburg
Lübbenau/Spreewald;Brandenburg
Schipkau;Brandenburg
Schwarzheide;Brandenburg
Senftenberg;Brandenburg
Vetschau/Spreewald;Brandenburg
Altdöbern;Brandenburg
Bronkow;Brandenburg
Luckaitztal;Brandenburg
Rostock;Mecklenburg-Vorpommern
Schwerin;Mecklenburg-Vorpommern
Dargun;Mecklenburg-Vorpommern
Demmin;Mecklenburg-Vorpommern
Feldberger Seenlandschaft;Mecklenburg-Vorpommern
Neubrandenburg;Mecklenburg-Vorpommern
Neustrelitz;Mecklenburg-Vorpommern
Waren (Müritz);Mecklenburg-Vorpommern
Beggerow;Mecklenburg-Vorpommern
Borrentin;Mecklenburg-Vorpommern
Hohenbollentin;Mecklenburg-Vorpommern
Hohenmocker;Mecklenburg-Vorpommern
Kentzlin;Mecklenburg-Vorpommern
Kletzin;Mecklenburg-Vorpommern
Lindenberg;Mecklenburg-Vorpommern
Meesiger;Mecklenburg-Vorpommern
Nossendorf;Mecklenburg-Vorpommern
Sarow;Mecklenburg-Vorpommern
Schönfeld;Mecklenburg-Vorpommern
Siedenbrünzow;Mecklenburg-Vorpommern
Sommersdorf;Mecklenburg-Vorpommern
Utzedel;Mecklenburg-Vorpommern
Verchen;Mecklenburg-Vorpommern
Warrenzin;Mecklenburg-Vorpommern
Datzetal;Mecklenburg-Vorpommern
Friedland;Mecklenburg-Vorpommern
Galenbeck;Mecklenburg-Vorpommern
Genzkow;Mecklenburg-Vorpommern
Basedow;Mecklenburg-Vorpommern
Duckow;Mecklenburg-Vorpommern
Faulenrost;Mecklenburg-Vorpommern
Gielow;Mecklenburg-Vorpommern
Kummerow;Mecklenburg-Vorpommern
Malchin;Mecklenburg-Vorpommern
Neukalen;Mecklenburg-Vorpommern
Alt Schwerin;Mecklenburg-Vorpommern
Fünfseen;Mecklenburg-Vorpommern
Göhren-Lebbin;Mecklenburg-Vorpommern
Malchow;Mecklenburg-Vorpommern
Nossentiner Hütte;Mecklenburg-Vorpommern
Penkow;Mecklenburg-Vorpommern
Silz;Mecklenburg-Vorpommern
Walow;Mecklenburg-Vorpommern
Zislow;Mecklenburg-Vorpommern
Mirow;Mecklenburg-Vorpommern
Priepert;Mecklenburg-Vorpommern
Wesenberg;Mecklenburg-Vorpommern
Wustrow;Mecklenburg-Vorpommern
Blankensee;Mecklenburg-Vorpommern
Blumenholz;Mecklenburg-Vorpommern
Carpin;Mecklenburg-Vorpommern
Godendorf;Mecklenburg-Vorpommern
Grünow;Mecklenburg-Vorpommern
Hohenzieritz;Mecklenburg-Vorpommern
Klein Vielen;Mecklenburg-Vorpommern
Kratzeburg;Mecklenburg-Vorpommern
Möllenbeck;Mecklenburg-Vorpommern
Userin;Mecklenburg-Vorpommern
Wokuhl-Dabelow;Mecklenburg-Vorpommern
Beseritz;Mecklenburg-Vorpommern
Blankenhof;Mecklenburg-Vorpommern
Brunn;Mecklenburg-Vorpommern
Neddemin;Mecklenburg-Vorpommern
Neuenkirchen;Mecklenburg-Vorpommern
Neverin;Mecklenburg-Vorpommern
Sponholz;Mecklenburg-Vorpommern
Staven;Mecklenburg-Vorpommern
Trollenhagen;Mecklenburg-Vorpommern
Woggersin;Mecklenburg-Vorpommern
Wulkenzin;Mecklenburg-Vorpommern
Zirzow;Mecklenburg-Vorpommern
Ankershagen;Mecklenburg-Vorpommern
Möllenhagen;Mecklenburg-Vorpommern
Penzlin;Mecklenburg-Vorpommern
Kuckssee;Mecklenburg-Vorpommern
Altenhof;Mecklenburg-Vorpommern
Bollewick;Mecklenburg-Vorpommern
Buchholz;Mecklenburg-Vorpommern
Bütow;Mecklenburg-Vorpommern
Fincken;Mecklenburg-Vorpommern
Gotthun;Mecklenburg-Vorpommern
Grabow-Below;Mecklenburg-Vorpommern
Groß Kelle;Mecklenburg-Vorpommern
Kieve;Mecklenburg-Vorpommern
Lärz;Mecklenburg-Vorpommern
Leizen;Mecklenburg-Vorpommern
Ludorf;Mecklenburg-Vorpommern
Massow;Mecklenburg-Vorpommern
Melz;Mecklenburg-Vorpommern
Priborn;Mecklenburg-Vorpommern
Rechlin;Mecklenburg-Vorpommern
Röbel/Müritz;Mecklenburg-Vorpommern
Schwarz;Mecklenburg-Vorpommern
Sietow;Mecklenburg-Vorpommern
Stuer;Mecklenburg-Vorpommern
Vipperow;Mecklenburg-Vorpommern
Wredenhagen;Mecklenburg-Vorpommern
Zepkow;Mecklenburg-Vorpommern
Grabowhöfe;Mecklenburg-Vorpommern
Groß Plasten;Mecklenburg-Vorpommern
Hohen Wangelin;Mecklenburg-Vorpommern
Jabel;Mecklenburg-Vorpommern
Kargow;Mecklenburg-Vorpommern
Klink;Mecklenburg-Vorpommern
Klocksin;Mecklenburg-Vorpommern
Moltzow;Mecklenburg-Vorpommern
Torgelow am See;Mecklenburg-Vorpommern
Varchentin;Mecklenburg-Vorpommern
Vollrathsruhe;Mecklenburg-Vorpommern
Peenehagen;Mecklenburg-Vorpommern
Schloen-Dratow;Mecklenburg-Vorpommern
Burg Stargard;Mecklenburg-Vorpommern
Cölpin;Mecklenburg-Vorpommern
Groß Nemerow;Mecklenburg-Vorpommern
Holldorf;Mecklenburg-Vorpommern
Lindetal;Mecklenburg-Vorpommern
Pragsdorf;Mecklenburg-Vorpommern
Bredenfelde;Mecklenburg-Vorpommern
Briggow;Mecklenburg-Vorpommern
Grammentin;Mecklenburg-Vorpommern
Gülzow;Mecklenburg-Vorpommern
Ivenack;Mecklenburg-Vorpommern
Jürgenstorf;Mecklenburg-Vorpommern
Kittendorf;Mecklenburg-Vorpommern
Knorrendorf;Mecklenburg-Vorpommern
Mölln;Mecklenburg-Vorpommern
Ritzerow;Mecklenburg-Vorpommern
Rosenow;Mecklenburg-Vorpommern
Stavenhagen;Mecklenburg-Vorpommern
Zettemin;Mecklenburg-Vorpommern
Altenhagen;Mecklenburg-Vorpommern
Altentreptow;Mecklenburg-Vorpommern
Bartow;Mecklenburg-Vorpommern
Breesen;Mecklenburg-Vorpommern
Breest;Mecklenburg-Vorpommern
Burow;Mecklenburg-Vorpommern
Gnevkow;Mecklenburg-Vorpommern
Golchen;Mecklenburg-Vorpommern
Grapzow;Mecklenburg-Vorpommern
Grischow;Mecklenburg-Vorpommern
Groß Teetzleben;Mecklenburg-Vorpommern
Gültz;Mecklenburg-Vorpommern
Kriesow;Mecklenburg-Vorpommern
Pripsleben;Mecklenburg-Vorpommern
Röckwitz;Mecklenburg-Vorpommern
Siedenbollentin;Mecklenburg-Vorpommern
Tützpatz;Mecklenburg-Vorpommern
Werder;Mecklenburg-Vorpommern
Wildberg;Mecklenburg-Vorpommern
Wolde;Mecklenburg-Vorpommern
Groß Miltzow;Mecklenburg-Vorpommern
Kublank;Mecklenburg-Vorpommern
Neetzka;Mecklenburg-Vorpommern
Petersdorf;Mecklenburg-Vorpommern
Schönbeck;Mecklenburg-Vorpommern
Schönhausen;Mecklenburg-Vorpommern
Voigtsdorf;Mecklenburg-Vorpommern
Woldegk;Mecklenburg-Vorpommern
Bad Doberan;Mecklenburg-Vorpommern
Dummerstorf;Mecklenburg-Vorpommern
Graal-Müritz;Mecklenburg-Vorpommern
Güstrow;Mecklenburg-Vorpommern
Kröpelin;Mecklenburg-Vorpommern
Kühlungsborn;Mecklenburg-Vorpommern
Neubukow;Mecklenburg-Vorpommern
Sanitz;Mecklenburg-Vorpommern
Satow;Mecklenburg-Vorpommern
Teterow;Mecklenburg-Vorpommern
Admannshagen-Bargeshagen;Mecklenburg-Vorpommern
Bartenshagen-Parkentin;Mecklenburg-Vorpommern
Börgerende-Rethwisch;Mecklenburg-Vorpommern
Hohenfelde;Mecklenburg-Vorpommern
Nienhagen;Mecklenburg-Vorpommern
Reddelich;Mecklenburg-Vorpommern
Retschow;Mecklenburg-Vorpommern
Steffenshagen;Mecklenburg-Vorpommern
Wittenbeck;Mecklenburg-Vorpommern
Baumgarten;Mecklenburg-Vorpommern
Bernitt;Mecklenburg-Vorpommern
Bützow;Mecklenburg-Vorpommern
Dreetz;Mecklenburg-Vorpommern
Jürgenshagen;Mecklenburg-Vorpommern
Klein Belitz;Mecklenburg-Vorpommern
Penzin;Mecklenburg-Vorpommern
Rühn;Mecklenburg-Vorpommern
Steinhagen;Mecklenburg-Vorpommern
Tarnow;Mecklenburg-Vorpommern
Warnow;Mecklenburg-Vorpommern
Zepelin;Mecklenburg-Vorpommern
Broderstorf;Mecklenburg-Vorpommern
Poppendorf;Mecklenburg-Vorpommern
Roggentin;Mecklenburg-Vorpommern
Thulendorf;Mecklenburg-Vorpommern
Altkalen;Mecklenburg-Vorpommern
Behren-Lübchin;Mecklenburg-Vorpommern
Boddin;Mecklenburg-Vorpommern
Finkenthal;Mecklenburg-Vorpommern
Gnoien;Mecklenburg-Vorpommern
Lühburg;Mecklenburg-Vorpommern
Walkendorf;Mecklenburg-Vorpommern
Chemnitz;Sachsen
Amtsberg;Sachsen
Annaberg-Buchholz;Sachsen
Aue;Sachsen
Bad Schlema;Sachsen
Breitenbrunn/Erzgeb.;Sachsen
Crottendorf;Sachsen
Drebach;Sachsen
Ehrenfriedersdorf;Sachsen
Eibenstock;Sachsen
Gelenau/Erzgeb.;Sachsen
Großolbersdorf;Sachsen
Großrückerswalde;Sachsen
Grünhain-Beierfeld;Sachsen
Hohndorf;Sachsen
Jahnsdorf/Erzgeb.;Sachsen
Johanngeorgenstadt;Sachsen
Jöhstadt;Sachsen
Lauter-Bernsbach;Sachsen
Lößnitz;Sachsen
Marienberg;Sachsen
Mildenau;Sachsen
Neukirchen/Erzgeb.;Sachsen
Oberwiesenthal;Sachsen
Oelsnitz/Erzgeb.;Sachsen
Olbernhau;Sachsen
Pockau-Lengefeld;Sachsen
Raschau-Markersbach;Sachsen
Schneeberg;Sachsen
Schönheide;Sachsen
Schwarzenberg/Erzgeb.;Sachsen
Sehmatal;Sachsen
Stützengrün;Sachsen
Thalheim/Erzgeb.;Sachsen
Thermalbad Wiesenbad;Sachsen
Thum;Sachsen
Wolkenstein;Sachsen
Bärenstein;Sachsen
Königswalde;Sachsen
Auerbach;Sachsen
Burkhardtsdorf;Sachsen
Gornsdorf;Sachsen
Geyer;Sachsen
Tannenberg;Sachsen
Lugau/Erzgeb.;Sachsen
Niederwürschnitz;Sachsen
Scheibenberg;Sachsen
Schlettau;Sachsen
Deutschneudorf;Sachsen
Heidersdorf;Sachsen
Seiffen/Erzgeb.;Sachsen
Niederdorf;Sachsen
Stollberg/Erzgeb.;Sachsen
Gornau/Erzgeb.;Sachsen
Zschopau;Sachsen
Bockau;Sachsen
Zschorlau;Sachsen
Elterlein;Sachsen
Zwönitz;Sachsen
Börnichen/Erzgeb.;Sachsen
Grünhainichen;Sachsen
Augustusburg;Sachsen
Bobritzsch-Hilbersdorf;Sachsen
Brand-Erbisdorf;Sachsen
Claußnitz;Sachsen
Döbeln;Sachsen
Eppendorf;Sachsen
Erlau;Sachsen
Flöha;Sachsen
Frankenberg/Sa.;Sachsen
Frauenstein;Sachsen
Freiberg;Sachsen
Geringswalde;Sachsen
Großhartmannsdorf;Sachsen
Großschirma;Sachsen
Großweitzschen;Sachsen
Hainichen;Sachsen
Halsbrücke;Sachsen
Hartha;Sachsen
Hartmannsdorf;Sachsen
Königshain-Wiederau;Sachsen
Kriebstein;Sachsen
Leisnig;Sachsen
Leubsdorf;Sachsen
Lichtenau;Sachsen
Lunzenau;Sachsen
Mulda/Sa.;Sachsen
Neuhausen/Erzgeb.;Sachsen
Niederwiesa;Sachsen
Oberschöna;Sachsen
Oederan;Sachsen
Penig;Sachsen
Rechenberg-Bienenmühle;Sachsen
Reinsberg;Sachsen
Rossau;Sachsen
Roßwein;Sachsen
Striegistal;Sachsen
Waldheim;Sachsen
Wechselburg;Sachsen
Burgstädt;Sachsen
Mühlau;Sachsen
Taura;Sachsen
Lichtenberg/Erzgeb.;Sachsen
Weißenborn/Erzgeb.;Sachsen
Altmittweida;Sachsen
Mittweida;Sachsen
Ostrau;Sachsen
Zschaitz-Ottewig;Sachsen
Königsfeld;Sachsen
Rochlitz;Sachsen
Seelitz;Sachsen
Zettlitz;Sachsen
Dorfchemnitz;Sachsen
Sayda;Sachsen
Adorf/Vogtl.;Sachsen
Auerbach/Vogtl.;Sachsen
Bad Brambach;Sachsen
Bad Elster;Sachsen
Ellefeld;Sachsen
Elsterberg;Sachsen
Klingenthal;Sachsen
Lengenfeld;Sachsen
Markneukirchen;Sachsen
Muldenhammer;Sachsen
Neumark;Sachsen
Pausa-Mühltroff;Sachsen
Plauen;Sachsen
Pöhl;Sachsen
Rodewisch;Sachsen
Rosenbach/Vogtl.;Sachsen
Steinberg;Sachsen
Weischlitz;Sachsen
Falkenstein/Vogtl.;Sachsen
Grünbach;Sachsen
Neustadt/Vogtl.;Sachsen
Limbach;Sachsen
Netzschkau;Sachsen
Bösenbrunn;Sachsen
Eichigt;Sachsen
Oelsnitz/Vogtl.;Sachsen
Triebel/Vogtl.;Sachsen
Heinsdorfergrund;Sachsen
Reichenbach im Vogtland;Sachsen
Mühlental;Sachsen
Schöneck/Vogtl.;Sachsen
Neuensalz;Sachsen
Treuen;Sachsen
Bergen;Sachsen
Theuma;Sachsen
Tirpersdorf;Sachsen
Werda;Sachsen
Callenberg;Sachsen
Fraureuth;Sachsen
Gersdorf;Sachsen
Glauchau;Sachsen
Hartenstein;Sachsen
Hohenstein-Ernstthal;Sachsen
Langenbernsdorf;Sachsen
Langenweißbach;Sachsen
Lichtentanne;Sachsen
Mülsen;Sachsen
Neukirchen/Pleiße;Sachsen
Oberlungwitz;Sachsen
Reinsdorf;Sachsen
Werdau;Sachsen
Wildenfels;Sachsen
Wilkau-Haßlau;Sachsen
Zwickau;Sachsen
Crimmitschau;Sachsen
Dennheritz;Sachsen
Crinitzberg;Sachsen
Hartmannsdorf b. Kirchberg;Sachsen
Hirschfeld;Sachsen
Kirchberg;Sachsen
Limbach-Oberfrohna;Sachsen
Niederfrohna;Sachsen
Meerane;Sachsen
Schönberg;Sachsen
Bernsdorf;Sachsen
Lichtenstein/Sa.;Sachsen
St. Egidien;Sachsen
Oberwiera;Sachsen
Remse;Sachsen
Waldenburg;Sachsen
Dresden;Sachsen
Arnsdorf;Sachsen
Bautzen;Sachsen
Bernsdorf;Sachsen
Burkau;Sachsen
Cunewalde;Sachsen
Demitz-Thumitz;Sachsen
Doberschau-Gaußig;Sachsen
Elsterheide;Sachsen
Elstra;Sachsen
Göda;Sachsen
Großdubrau;Sachsen
Großröhrsdorf;Sachsen
Haselbachtal;Sachsen
Hochkirch;Sachsen
Hoyerswerda;Sachsen
Dessau-Roßlau;Sachsen-Anhalt
Halle (Saale);Sachsen-Anhalt
Magdeburg;Sachsen-Anhalt
Arendsee (Altmark);Sachsen-Anhalt
Gardelegen;Sachsen-Anhalt
Kalbe (Milde);Sachsen-Anhalt
Klötze;Sachsen-Anhalt
Salzwedel;Sachsen-Anhalt
Apenburg-Winterfeld;Sachsen-Anhalt
Beetzendorf;Sachsen-Anhalt
Dähre;Sachsen-Anhalt
Diesdorf;Sachsen-Anhalt
Jübar;Sachsen-Anhalt
Kuhfelde;Sachsen-Anhalt
Rohrberg;Sachsen-Anhalt
Wallstawe;Sachsen-Anhalt
Aken (Elbe);Sachsen-Anhalt
Bitterfeld-Wolfen;Sachsen-Anhalt
Köthen (Anhalt);Sachsen-Anhalt
Muldestausee;Sachsen-Anhalt
Osternienburger Land;Sachsen-Anhalt
Raguhn-Jeßnitz;Sachsen-Anhalt
Sandersdorf-Brehna;Sachsen-Anhalt
Südliches Anhalt;Sachsen-Anhalt
Zerbst/Anhalt;Sachsen-Anhalt
Zörbig;Sachsen-Anhalt
Barleben;Sachsen-Anhalt
Haldensleben;Sachsen-Anhalt
Hohe Börde;Sachsen-Anhalt
Niedere Börde;Sachsen-Anhalt
Oebisfelde-Weferlingen;Sachsen-Anhalt
Oschersleben (Bode);Sachsen-Anhalt
Sülzetal;Sachsen-Anhalt
Wanzleben-Börde;Sachsen-Anhalt
Wolmirstedt;Sachsen-Anhalt
Angern;Sachsen-Anhalt
Burgstall;Sachsen-Anhalt
Colbitz;Sachsen-Anhalt
Loitsche-Heinrichsberg;Sachsen-Anhalt
Rogätz;Sachsen-Anhalt
Westheide;Sachsen-Anhalt
Zielitz;Sachsen-Anhalt
Altenhausen;Sachsen-Anhalt
Beendorf;Sachsen-Anhalt
Bülstringen;Sachsen-Anhalt
Calvörde;Sachsen-Anhalt
Erxleben;Sachsen-Anhalt
Flechtingen;Sachsen-Anhalt
Ingersleben;Sachsen-Anhalt
Eilsleben;Sachsen-Anhalt
Harbke;Sachsen-Anhalt
Hötensleben;Sachsen-Anhalt
Sommersdorf;Sachsen-Anhalt
Ummendorf;Sachsen-Anhalt
Völpke;Sachsen-Anhalt
Wefensleben;Sachsen-Anhalt
Am Großen Bruch;Sachsen-Anhalt
Ausleben;Sachsen-Anhalt
Gröningen;Sachsen-Anhalt
Kroppenstedt;Sachsen-Anhalt
Elsteraue;Sachsen-Anhalt
Hohenmölsen;Sachsen-Anhalt
Lützen;Sachsen-Anhalt
Naumburg (Saale);Sachsen-Anhalt
Teuchern;Sachsen-Anhalt
Weißenfels;Sachsen-Anhalt
Zeitz;Sachsen-Anhalt
An der Poststraße;Sachsen-Anhalt
Bad Bibra;Sachsen-Anhalt
Eckartsberga;Sachsen-Anhalt
Finne;Sachsen-Anhalt
Finneland;Sachsen-Anhalt
Kaiserpfalz;Sachsen-Anhalt
Lanitz-Hassel-Tal;Sachsen-Anhalt
Droyßig;Sachsen-Anhalt
Gutenborn;Sachsen-Anhalt
Kretzschau;Sachsen-Anhalt
Schnaudertal;Sachsen-Anhalt
Wetterzeube;Sachsen-Anhalt
Balgstädt;Sachsen-Anhalt
Freyburg (Unstrut);Sachsen-Anhalt
Gleina;Sachsen-Anhalt
Goseck;Sachsen-Anhalt
Karsdorf;Sachsen-Anhalt
Laucha an der Unstrut;Sachsen-Anhalt
Nebra (Unstrut);Sachsen-Anhalt
Meineweh;Sachsen-Anhalt
Mertendorf;Sachsen-Anhalt
Molauer Land;Sachsen-Anhalt
Osterfeld;Sachsen-Anhalt
Schönburg;Sachsen-Anhalt
Stößen;Sachsen-Anhalt
Wethau;Sachsen-Anhalt
Ballenstedt;Sachsen-Anhalt
Blankenburg (Harz);Sachsen-Anhalt
Falkenstein/Harz;Sachsen-Anhalt
Halberstadt;Sachsen-Anhalt
Harzgerode;Sachsen-Anhalt
Huy;Sachsen-Anhalt
Ilsenburg (Harz);Sachsen-Anhalt
Nordharz;Sachsen-Anhalt
Oberharz am Brocken;Sachsen-Anhalt
Osterwieck;Sachsen-Anhalt
Quedlinburg;Sachsen-Anhalt
Thale;Sachsen-Anhalt
Wernigerode;Sachsen-Anhalt
Ditfurt;Sachsen-Anhalt
Groß Quenstedt;Sachsen-Anhalt
Harsleben;Sachsen-Anhalt
Hedersleben;Sachsen-Anhalt
Schwanebeck;Sachsen-Anhalt
Selke-Aue;Sachsen-Anhalt
Wegeleben;Sachsen-Anhalt
Biederitz;Sachsen-Anhalt
Burg;Sachsen-Anhalt
Elbe-Parey;Sachsen-Anhalt
Genthin;Sachsen-Anhalt
Gommern;Sachsen-Anhalt
Jerichow;Sachsen-Anhalt
Möckern;Sachsen-Anhalt
Möser;Sachsen-Anhalt
Allstedt;Sachsen-Anhalt
Arnstein;Sachsen-Anhalt
Eisleben;Sachsen-Anhalt
Gerbstedt;Sachsen-Anhalt
Hettstedt;Sachsen-Anhalt
Mansfeld;Sachsen-Anhalt
Sangerhausen;Sachsen-Anhalt
Seegebiet Mansfelder Land;Sachsen-Anhalt
Südharz;Sachsen-Anhalt
Berga;Sachsen-Anhalt
Brücken-Hackpfüffel;Sachsen-Anhalt
Edersleben;Sachsen-Anhalt
Kelbra (Kyffhäuser);Sachsen-Anhalt
Wallhausen;Sachsen-Anhalt
Ahlsdorf;Sachsen-Anhalt
Benndorf;Sachsen-Anhalt
Blankenheim;Sachsen-Anhalt
Bornstedt;Sachsen-Anhalt
Helbra;Sachsen-Anhalt
Hergisdorf;Sachsen-Anhalt
Klostermansfeld;Sachsen-Anhalt
Wimmelburg;Sachsen-Anhalt
Bad Dürrenberg;Sachsen-Anhalt
Bad Lauchstädt;Sachsen-Anhalt
Braunsbedra;Sachsen-Anhalt
Kabelsketal;Sachsen-Anhalt
Landsberg;Sachsen-Anhalt
Leuna;Sachsen-Anhalt
Wettin-Löbejün;Sachsen-Anhalt
Merseburg;Sachsen-Anhalt
Mücheln (Geiseltal);Sachsen-Anhalt
Petersberg;Sachsen-Anhalt
Querfurt;Sachsen-Anhalt
Salzatal;Sachsen-Anhalt
Schkopau;Sachsen-Anhalt
Teutschenthal;Sachsen-Anhalt
Barnstädt;Sachsen-Anhalt
Farnstädt;Sachsen-Anhalt
Nemsdorf-Göhrendorf;Sachsen-Anhalt
Obhausen;Sachsen-Anhalt
Schraplau;Sachsen-Anhalt
Steigra;Sachsen-Anhalt
Aschersleben;Sachsen-Anhalt
Barby;Sachsen-Anhalt
Bernburg (Saale);Sachsen-Anhalt
Bördeland;Sachsen-Anhalt
Calbe (Saale);Sachsen-Anhalt
Hecklingen;Sachsen-Anhalt
Könnern;Sachsen-Anhalt
Nienburg (Saale);Sachsen-Anhalt
Schönebeck (Elbe);Sachsen-Anhalt
Seeland;Sachsen-Anhalt
Staßfurt;Sachsen-Anhalt
Bördeaue;Sachsen-Anhalt
Börde-Hakel;Sachsen-Anhalt
Borne;Sachsen-Anhalt
Egeln;Sachsen-Anhalt
Wolmirsleben;Sachsen-Anhalt
Alsleben (Saale);Sachsen-Anhalt
Giersleben;Sachsen-Anhalt
Güsten;Sachsen-Anhalt
Ilberstedt;Sachsen-Anhalt
Plötzkau;Sachsen-Anhalt
Bismark (Altmark);Sachsen-Anhalt
Havelberg;Sachsen-Anhalt
Osterburg (Altmark);Sachsen-Anhalt
Stendal;Sachsen-Anhalt
Tangerhütte;Sachsen-Anhalt
Tangermünde;Sachsen-Anhalt
Arneburg;Sachsen-Anhalt
Eichstedt (Altmark);Sachsen-Anhalt
Goldbeck;Sachsen-Anhalt
Hassel;Sachsen-Anhalt
Hohenberg-Krusemark;Sachsen-Anhalt
Iden;Sachsen-Anhalt
Rochau;Sachsen-Anhalt
Werben (Elbe);Sachsen-Anhalt
Kamern;Sachsen-Anhalt
Klietz;Sachsen-Anhalt
Erfurt;Thüringen
Gera;Thüringen
Jena;Thüringen
Suhl;Thüringen
Weimar;Thüringen
Eisenach;Thüringen
Heilbad Heiligenstadt;Thüringen
Leinefelde-Worbis;Thüringen
Am Ohmberg;Thüringen
Sonnenstein;Thüringen
Berlingerode;Thüringen
Brehme;Thüringen
Ecklingerode;Thüringen
Ferna;Thüringen
Tastungen;Thüringen
Wehnde;Thüringen
Teistungen;Thüringen
Dingelstädt;Thüringen
Helmsdorf;Thüringen
Kallmerode;Thüringen
Kefferhausen;Thüringen
Kreuzebra;Thüringen
Silberhausen;Thüringen
Deuna;Thüringen
Gerterode;Thüringen
Hausen;Thüringen
Kleinbartloff;Thüringen
Niederorschel;Thüringen
Breitenworbis;Thüringen
Buhla;Thüringen
Gernrode;Thüringen
Haynrode;Thüringen
Kirchworbis;Thüringen
Arenshausen;Thüringen
Bornhagen;Thüringen
Burgwalde;Thüringen
Freienhagen;Thüringen
Fretterode;Thüringen
Gerbershausen;Thüringen
Hohengandern;Thüringen
Kirchgandern;Thüringen
Lindewerra;Thüringen
Marth;Thüringen
Rohrberg;Thüringen
Rustenfelde;Thüringen
Schachtebich;Thüringen
Wahlhausen;Thüringen
Bodenrode-Westhausen;Thüringen
Geisleden;Thüringen
Glasehausen;Thüringen
Heuthen;Thüringen
Hohes Kreuz;Thüringen
Reinholterode;Thüringen
Steinbach;Thüringen
Wingerode;Thüringen
Asbach-Sickenberg;Thüringen
Birkenfelde;Thüringen
Dietzenrode/Vatterode;Thüringen
Eichstruth;Thüringen
Lenterode;Thüringen
Lutter;Thüringen
Mackenrode;Thüringen
Röhrig;Thüringen
Schönhagen;Thüringen
Steinheuterode;Thüringen
Thalwenden;Thüringen
Uder;Thüringen
Wüstheuterode;Thüringen
Büttstedt;Thüringen
Effelder;Thüringen
Großbartloff;Thüringen
Küllstedt;Thüringen
Wachstedt;Thüringen
Bernterode (bei Heilbad Heiligenstadt);Thüringen
Dieterode;Thüringen
Geismar;Thüringen
Kella;Thüringen
Krombach;Thüringen
Pfaffschwende;Thüringen
Schwobfeld;Thüringen
Sickerode;Thüringen
Volkerode;Thüringen
Wiesenfeld;Thüringen
Schimberg;Thüringen
Ellrich;Thüringen
Nordhausen;Thüringen
Sollstedt;Thüringen
Hohenstein;Thüringen
Werther;Thüringen
Harztor;Thüringen
Großlohra;Thüringen
Hainrode/Hainleite;Thüringen
Kleinfurra;Thüringen
Nohra;Thüringen
Wipperdorf;Thüringen
Wolkramshausen;Thüringen
Bleicherode;Thüringen
Etzelsrode;Thüringen
Friedrichsthal;Thüringen
Kehmstedt;Thüringen
Kleinbodungen;Thüringen
Kraja;Thüringen
Lipprechterode;Thüringen
Niedergebra;Thüringen
Görsbach;Thüringen
Urbach;Thüringen
Heringen/Helme;Thüringen
Barchfeld-Immelborn;Thüringen
Treffurt;Thüringen
Unterbreizbach;Thüringen
Vacha;Thüringen
Wutha-Farnroda;Thüringen
Moorgrund;Thüringen
Gerstungen;Thüringen
Hörselberg-Hainich;Thüringen
Bad Liebenstein;Thüringen
Krayenberggemeinde;Thüringen
Berka/Werra;Thüringen
Dankmarshausen;Thüringen
Dippach;Thüringen
Großensee;Thüringen
Brunnhartshausen;Thüringen
Dermbach;Thüringen
Neidhartshausen;Thüringen
Oechsen;Thüringen
Stadtlengsfeld;Thüringen
Urnshausen;Thüringen
Weilar;Thüringen
Wiesenthal;Thüringen
Zella/Rhön;Thüringen
Berka v.d. Hainich;Thüringen
Bischofroda;Thüringen
Creuzburg;Thüringen
Ebenshausen;Thüringen
Frankenroda;Thüringen
Hallungen;Thüringen
Ifta;Thüringen
Krauthausen;Thüringen
Lauterbach;Thüringen
Mihla;Thüringen
Nazza;Thüringen
Bad Salzungen;Thüringen
Leimbach;Thüringen
Buttlar;Thüringen
Geisa;Thüringen
Gerstengrund;Thüringen
Schleid;Thüringen
Ruhla;Thüringen
Seebach;Thüringen
Diedorf/Rhön;Thüringen
Empfertshausen;Thüringen
Kaltennordheim;Thüringen
Bad Langensalza;Thüringen
Dünwald;Thüringen
Mühlhausen/Thüringen;Thüringen
Weinbergen;Thüringen
Unstruttal;Thüringen
Menteroda;Thüringen
Anrode;Thüringen
Bad Tennstedt;Thüringen
Ballhausen;Thüringen
Blankenburg;Thüringen
Bruchstedt;Thüringen
Haussömmern;Thüringen
Hornsömmern;Thüringen
Kirchheilingen;Thüringen
Klettstedt;Thüringen
Kutzleben;Thüringen
Mittelsömmern;Thüringen
Sundhausen;Thüringen
Tottleben;Thüringen
Urleben;Thüringen
Altengottern;Thüringen
Flarchheim;Thüringen
Großengottern;Thüringen
Heroldishausen;Thüringen
Mülverstedt;Thüringen
Schönstedt;Thüringen
Weberstedt;Thüringen
Bothenheilingen;Thüringen
Issersheilingen;Thüringen
Kleinwelsbach;Thüringen
Körner;Thüringen
Marolterode;Thüringen
Neunheilingen;Thüringen
Obermehler;Thüringen
Schlotheim;Thüringen
Großvargula;Thüringen
Herbsleben;Thüringen
Rodeberg;Thüringen
Südeichsfeld;Thüringen
Kammerforst;Thüringen
Oppershausen;Thüringen
Vogtei;Thüringen
Artern/Unstrut;Thüringen
Bad Frankenhausen/Kyffhäuser;Thüringen
Helbedündorf;Thüringen
Roßleben;Thüringen
Sondershausen;Thüringen
Kyffhäuserland;Thüringen
